{"accuracy": 0.9164086687306502, "f1_score": 0.9138181494767424}